Movie Name,Rank,Year,Rating,Release Date, Commercial description,Number of Reviews
Sound of Metal (2019),1,2020,7.8,"4 December 2020 (USA)
",A heavy-metal drummer's life is thrown into freefall when he begins to lose his hearing.,68
The Outpost (2019),2,2020,6.8,"3 July 2020 (USA)
",A small team of U.S. soldiers battle against hundreds of Taliban fighters in Afghanistan.,242
Extraction (2020),3,2020,6.7,"24 April 2020 (USA)
","Tyler Rake, a fearless black market mercenary, embarks on the most deadly extraction of his career when he's enlisted to rescue the kidnapped son of an imprisoned international crime lord.",2971
Onward (2020),4,2020,7.4,"6 March 2020 (USA)
",Two elven brothers embark on a quest to bring their father back for one day.,673
Beastie Boys Story (2020),5,2020,7.8,"24 April 2020 (USA)
","Mike Diamond and Adam Horovitz of Beastie Boys tell you an intimate, personal story of their band, and their 40 years of friendship together.",40
Da 5 Bloods (2020),6,2020,6.5,"12 June 2020 (USA)
",Four African American vets battle the forces of man and nature when they return to Vietnam seeking the remains of their fallen squad leader and the gold fortune he helped them hide.,732
Love and Monsters (2020),7,2020,7,"16 October 2020 (USA)
","In a monster-infested world, Joel learns his girlfriend is just 85 miles away. To make the dangerous journey, Joel discovers his inner hero to be with the girl of his dreams.",333
The Devil All the Time (2020),8,2020,7.1,"16 September 2020 (USA)
",Sinister characters converge around a young man devoted to protecting those he loves in a postwar backwoods town teeming with corruption and brutality.,872
Impetigore (2019),9,2020,6.7,"23 July 2020 (USA)
","Maya with her best friend, Dini, tries to survive in a city without a family. She realized that she might inherit a property from her rich family. Maya returns to the village with Dini and unaware of the danger was waiting for her.",56
7500 (2019),10,2020,6.3,"18 June 2020 (USA)
","When terrorists try to seize control of a Berlin-Paris flight, a soft-spoken American co-pilot struggles to save the lives of the passengers and crew while forging a surprising connection with one of the hijackers.",431
Run (2020),11,2020,6.7,"20 November 2020 (USA)
",A homeschooled teenager begins to suspect her mother is keeping a dark secret from her.,235
The Half of It (2020),12,2020,6.9,"1 May 2020 (USA)
","When smart but cash-strapped teen Ellie Chu agrees to write a love letter for a jock, she doesn't expect to become his friend - or fall for his crush.",287
American Murder: The Family Next Door (2020),13,2020,7.2,"30 September 2020 (USA)
","In 2018, 34-year-old Shanann Watts and her two young daughters disappear in Colorado. With the heartbreaking details emerging, the family's story made headlines around the world.",160
Never Rarely Sometimes Always (2020),14,2020,7.3,"3 April 2020 (USA)
",A pair of teenage girls in rural Pennsylvania travel to New York City to seek out medical help after an unintended pregnancy.,86
The Trial of the Chicago 7 (2020),15,2020,7.8,"16 October 2020 (USA)
","The story of 7 people on trial stemming from various charges surrounding the uprising at the 1968 Democratic National Convention in Chicago, Illinois.",405
The Gentlemen (2019),16,2020,7.8,"24 January 2020 (USA)
","An American expat tries to sell off his highly profitable marijuana empire in London, triggering plots, schemes, bribery and blackmail in an attempt to steal his domain out from under him.",1330
The Social Dilemma (2020),17,2020,7.7,"9 September 2020 (USA)
","Explores the dangerous human impact of social networking, with tech experts sounding the alarm on their own creations.",494
The Platform (2019),18,2020,7,"20 March 2020 (USA)
",A vertical prison with one cell per level. Two people per cell. Only one food platform and two minutes per day to feed. An endless nightmare trapped in The Hole.,994
Alone (2020),19,2020,6.2,"18 September 2020 (USA)
","A recently widowed traveler is kidnapped by a cold blooded killer, only to escape into the wilderness where she is forced to battle against the elements as her pursuer closes in on her.",130
The Way Back (2020),20,2020,6.7,"6 March 2020 (USA)
","Jack Cunningham was a high school basketball phenom who walked away from the game, forfeiting his future. Years later, when he reluctantly accepts a coaching job at his alma mater, he may get one last shot at redemption.",290
The Invisible Man (2020),21,2020,7.1,"28 February 2020 (USA)
","When Cecilia's abusive ex takes his own life and leaves her his fortune, she suspects his death was a hoax. As a series of coincidences turn lethal, Cecilia works to prove that she is being hunted by someone nobody can see.",1713
Possessor (2020),22,2020,6.4,"2 October 2020 (USA)
",Possessor follows an agent who works for a secretive organization that uses brain-implant technology to inhabit other people's bodies - ultimately driving them to commit assassinations for high-paying clients.,166
Tenet (2020),23,2020,7.6,"3 September 2020 (USA)
","Armed with only one word, Tenet, and fighting for the survival of the entire world, a Protagonist journeys through a twilight world of international espionage on a mission that will unfold in something beyond real time.",3219
I'm Thinking of Ending Things (2020),24,2020,6.7,"4 September 2020 (USA)
","Full of misgivings, a young woman travels with her new boyfriend to his parents' secluded farm. Upon arriving, she comes to question everything she thought she knew about him, and herself.",942
Mank (2020),25,2020,7.3,"4 December 2020 (USA)
",1930's Hollywood is reevaluated through the eyes of scathing social critic and alcoholic screenwriter Herman J. Mankiewicz as he races to finish the screenplay of Citizen Kane (1941).,263
The Boys in the Band (2020),26,2020,6.8,"30 September 2020 (USA)
","At a birthday party in 1968 New York, a surprise guest and a drunken game leave seven gay friends reckoning with unspoken feelings and buried truths.",117
The Prom (2020),27,2020,6.3,"11 December 2020 (USA)
",A troupe of hilariously self-obsessed theater stars swarm into a small conservative Indiana town in support of a high school girl who wants to take her girlfriend to the prom.,198
Big Time Adolescence (2019),28,2020,7,"13 March 2020 (USA)
","A suburban teenager comes of age under the destructive guidance of his best friend, an aimless college dropout.",66
The Vast of Night (2019),29,2020,6.7,"29 May 2020 (USA)
","One night in New Mexico, in the late 1950s, a switchboard operator and radio DJ discover a strange audio frequency which could change the future forever.",560
Disclosure (2020),30,2020,8.3,"19 June 2020 (USA)
",An in-depth look at Hollywood's depiction of transgender people and the impact of those stories on transgender lives and American culture.,25
Becky (2020),31,2020,5.8,"5 June 2020 (USA)
",A teenager's weekend at a lake house with her father takes a turn for the worse when a group of convicts wreaks havoc on their lives.,286
On the Rocks (2020),32,2020,6.5,"23 October 2020 (USA)
",A young mother reconnects with her larger-than-life playboy father on an adventure through New York.,218
1BR (2019),33,2020,5.8,"24 April 2020 (USA)
","Sarah tries to start anew in LA, but her neighbours are not what they seem.",178
The Old Guard (2020),34,2020,6.6,"10 July 2020 (USA)
",A covert team of immortal mercenaries is suddenly exposed and must now fight to keep their identity a secret just as an unexpected new member is discovered.,1629
Enola Holmes (2020),35,2020,6.6,"23 September 2020 (USA)
","When Enola Holmes-Sherlock's teen sister-discovers her mother missing, she sets off to find her, becoming a super-sleuth in her own right as she outwits her famous brother and unravels a dangerous conspiracy around a mysterious young Lord.",1396
Spree (2020),36,2020,5.8,"14 August 2020 (USA)
","Thirsty for a following, Kurt Kunkle is a rideshare driver who has figured out a deadly plan to go viral.",60
Bad Hair (2020),37,2020,5.5,"23 October 2020 (USA)
","In 1989 an ambitious young woman gets a weave in order to succeed in the image-obsessed world of music television. However, her flourishing career may come at a great cost when she realizes that her new hair may have a mind of its own.",47
Happiest Season (2020),38,2020,6.7,"25 November 2020 (USA)
","A holiday romantic comedy that captures the range of emotions tied to wanting your family's acceptance, being true to yourself, and trying not to ruin Christmas.",224
Host (2020),39,2020,6.6,"30 July 2020 (UK)
","Six friends hire a medium to hold a seance via Zoom during lockdown, but they get far more than they bargained for as things quickly go wrong.",246
Palm Springs (2020),40,2020,7.4,"10 July 2020 (USA)
","When carefree Nyles and reluctant maid of honor Sarah have a chance encounter at a Palm Springs wedding, things get complicated as they are unable to escape the venue, themselves, or each other.",361
Bad Boys for Life (2020),41,2020,6.6,"17 January 2020 (USA)
",Miami detectives Mike Lowrey and Marcus Burnett must face off against a mother-and-son pair of drug lords who wreak vengeful havoc on their city.,1137
Blow the Man Down (2019),42,2020,6.4,"20 March 2020 (USA)
","Mary Beth and Priscilla Connolly attempt to cover up a gruesome run-in with a dangerous man. To conceal their crime, the sisters must go deep into the criminal underbelly of their hometown, uncovering the town's darkest secrets.",96
Bad Education (2019),43,2020,7.1,"25 April 2020 (Brazil)
","The beloved superintendent of New York's Roslyn school district and his staff, friends and relatives become the prime suspects in the unfolding of the single largest public school embezzlement scandal in American history.",159
The Hunt (2020),44,2020,6.5,"13 March 2020 (USA)
","Twelve strangers wake up in a clearing. They don't know where they are, or how they got there. They don't know they've been chosen - for a very specific purpose - The Hunt.",863
#Alive (2020),45,2020,6.2,"8 September 2020 (USA)
","The rapid spread of an unknown infection has left an entire city in ungovernable chaos, but one survivor remains alive in isolation. It is his story.",290
The King of Staten Island (2020),46,2020,7.1,"12 June 2020 (USA)
",Scott has been a case of arrested development since his firefighter dad died. He spends his days smoking weed and dreaming of being a tattoo artist until events force him to grapple with his grief and take his first steps forward in life.,347
Over the Moon (2020),47,2020,6.5,"23 October 2020 (USA)
","In this animated musical, a girl builds a rocket ship and blasts off, hoping to meet a mythical moon goddess.",167
All the Bright Places (2020),48,2020,6.5,"28 February 2020 (USA)
","The story of Violet and Theodore, who meet and change each other's lives forever. As they struggle with the emotional and physical scars of their past, they discover that even the smallest places and moments can mean something.",230
Horse Girl (2020),49,2020,5.9,"7 February 2020 (USA)
","Sarah, a socially isolated woman with a fondness for arts and crafts, horses, and supernatural crime shows finds her increasingly lucid dreams trickling into her waking life.",214
Birds of Prey: And the Fantabulous Emancipation of One Harley Quinn (2020),50,2020,6.1,"7 February 2020 (USA)
","After splitting with the Joker, Harley Quinn joins superheroes Black Canary, Huntress and Renee Montoya to save a young girl from an evil crime lord.",2352
Parasite (2019),1,2019,8.6,"8 November 2019 (USA)
",Greed and class discrimination threaten the newly formed symbiotic relationship between the wealthy Park family and the destitute Kim clan.,2878
Uncut Gems (2019),2,2019,7.4,"25 December 2019 (USA)
","With his debts mounting and angry collectors closing in, a fast-talking New York City jeweler risks everything in hope of staying afloat and alive.",2292
Portrait of a Lady on Fire (2019),3,2019,8.1,"14 February 2020 (USA)
","On an isolated island in Brittany at the end of the eighteenth century, a female painter is obliged to paint a wedding portrait of a young woman.",343
Midsommar (2019),4,2019,7.1,"3 July 2019 (USA)
",A couple travels to Eastern Europe to visit a rural hometown's fabled Swedish mid-summer festival. What begins as an idyllic retreat quickly devolves into an increasingly violent and bizarre competition at the hands of a pagan cult.,2915
Joker (2019),5,2019,8.5,"4 October 2019 (USA)
","In Gotham City, mentally troubled comedian Arthur Fleck is disregarded and mistreated by society. He then embarks on a downward spiral of revolution and bloody crime. This path brings him face-to-face with his alter-ego: the Joker.",10685
The Farewell (2019),6,2019,7.6,"9 August 2019 (USA)
","A Chinese family discovers their grandmother has only a short while left to live and decide to keep her in the dark, scheduling a wedding to gather before she dies.",295
First Love (2019),7,2019,6.8,"14 February 2020 (UK)
",A young boxer and a call girl get caught up in a drug-smuggling scheme over the course of one night in Tokyo.,32
Waves (2019),8,2019,7.6,"15 November 2019 (USA)
","Traces the journey of a suburban family - led by a well-intentioned but domineering father - as they navigate love, forgiveness, and coming together in the aftermath of a loss.",165
Les Misérables (2019),9,2019,7.6,"20 November 2019 (France)
","A cop from the provinces moves to Paris to join the Anti-Crime Brigade of Montfermeil, discovering an underworld where the tensions between the different groups mark the rhythm.",78
Ford v Ferrari (2019),10,2019,8.1,"15 November 2019 (USA)
",American car designer Carroll Shelby and driver Ken Miles battle corporate interference and the laws of physics to build a revolutionary race car for Ford in order to defeat Ferrari at the 24 Hours of Le Mans in 1966.,1390
Marriage Story (2019),11,2019,8,"6 December 2019 (USA)
",Noah Baumbach's incisive and compassionate look at a marriage breaking up and a family staying together.,1250
Hotel Mumbai (2018),12,2019,7.6,"29 March 2019 (USA)
",The true story of the Taj Hotel terrorist attack in Mumbai. Hotel staff risk their lives to keep everyone safe as people make unthinkable sacrifices to protect themselves and their families.,415
System Crasher (2019),13,2019,7.8,"21 February 2020 (USA)
","On her wild quest for love, 9-year-old Benni's untamed energy drives everyone around her to despair.",38
El Camino: A Breaking Bad Movie (2019),14,2019,7.3,"11 October 2019 (USA)
","Fugitive Jesse Pinkman runs from his captors, the law, and his past.",1759
The Peanut Butter Falcon (2019),15,2019,7.6,"23 August 2019 (USA)
",Zak runs away from his care home to make his dream of becoming a wrestler come true.,483
I Lost My Body (2019),16,2019,7.6,"15 November 2019 (USA)
","A story of Naoufel, a young man who is in love with Gabrielle. In another part of town, a severed hand escapes from a dissection lab, determined to find its body again.",121
The Irishman (2019),17,2019,7.9,"27 November 2019 (USA)
","An old man recalls his time painting houses for his friend, Jimmy Hoffa, through the 1950-70s.",2754
1917 (2019),18,2019,8.3,"10 January 2020 (USA)
","April 6th, 1917. As a regiment assembles to wage war deep in enemy territory, two soldiers are assigned to race against time and deliver a message that will stop 1,600 men from walking straight into a deadly trap.",2986
Ad Astra (2019),19,2019,6.5,"20 September 2019 (USA)
","Astronaut Roy McBride undertakes a mission across an unforgiving solar system to uncover the truth about his missing father and his doomed expedition that now, 30 years later, threatens the universe.",3145
Doctor Sleep (2019),20,2019,7.3,"8 November 2019 (USA)
","Years following the events of The Shining (1980), a now-adult Dan Torrance must protect a young girl with similar powers from a cult known as The True Knot, who prey on children with powers to remain immortal.",1435
Just Mercy (2019),21,2019,7.6,"10 January 2020 (USA)
",World-renowned civil rights defense attorney Bryan Stevenson works to free a wrongly condemned death row prisoner.,402
The Nightingale (2018),22,2019,7.3,"29 August 2019 (Australia)
","Set in 1825, Clare, a young Irish convict woman, chases a British officer through the rugged Tasmanian wilderness, bent on revenge for a terrible act of violence he committed against her family. On the way she enlists the services of an Aboriginal tracker named Billy, who is also marked by trauma from his own violence-filled past.",N/A
The Art of Self-Defense (2019),23,2019,6.7,"19 July 2019 (USA)
","After being attacked on the street, a young man enlists at a local dojo, led by a charismatic and mysterious sensei, in an effort to learn how to defend himself from future threats.",274
Shazam! (2019),24,2019,7.1,"5 April 2019 (USA)
",A newly fostered young boy in search of his mother instead finds unexpected super powers and soon gains a powerful enemy.,2037
Honey Boy (2019),25,2019,7.3,"27 November 2019 (USA)
",A young actor's stormy childhood and early adult years as he struggles to reconcile with his father and deal with his mental health.,190
Dolemite Is My Name (2019),26,2019,7.3,"25 October 2019 (USA)
","Eddie Murphy portrays real-life legend Rudy Ray Moore, a comedy and rap pioneer who proved naysayers wrong when his hilarious, obscene, kung-fu fighting alter ego, Dolemite, became a 1970s Blaxploitation phenomenon.",339
"Love, Antosha (2019)",27,2019,8.1,"2 August 2019 (USA)
",A portrait of the extraordinary life and career of actor Anton Yelchin.,7
Queen & Slim (2019),28,2019,7.1,"27 November 2019 (USA)
",A couple's first date takes an unexpected turn when a police officer pulls them over.,364
Arctic (2018),29,2019,6.8,"31 January 2019 (Denmark)
",A man stranded in the Arctic after a plane crash must decide whether to remain in the relative safety of his makeshift camp or to embark on a deadly trek through the unknown.,352
Furie (2019),30,2019,6.3,"22 February 2019 (Vietnam)
","Veronica Ngo stars as an ex-gangster who is lying low in the countryside after becoming a mother, but she can't escape her violent past when her daughter is kidnapped.",60
The Lighthouse (2019),31,2019,7.5,"1 November 2019 (USA)
",Two lighthouse keepers try to maintain their sanity whilst living on a remote and mysterious New England island in the 1890s.,1167
Triple Frontier (2019),32,2019,6.4,"13 March 2019 (USA)
","Loyalties are tested when five friends and former special forces operatives reunite to take down a South American drug lord, unleashing a chain of unintended consequences.",954
Richard Jewell (2019),33,2019,7.5,"13 December 2019 (USA)
","After foiling a bomb attack at the 1996 Atlanta Olympics security guard Richard Jewell is an instant hero, however when the FBI leaks to the media that he is a suspect in the bombing his life becomes a nightmare.",517
Little Monsters (2019),34,2019,6.3,"11 October 2019 (USA)
",A washed-up musician teams up with a teacher and a kids show personality to protect young children from a sudden outbreak of zombies.,188
Luce (2019),35,2019,6.7,"23 August 2019 (USA)
","A married couple is forced to reckon with their idealized image of their son, adopted from war-torn Eritrea, after an alarming discovery by a devoted high school teacher threatens his status as an all-star student.",184
The King (2019),36,2019,7.2,"1 November 2019 (USA)
","Hal, wayward prince and heir to the English throne, is crowned King Henry V after his tyrannical father dies. Now the young king must navigate palace politics, the war his father left behind, and the emotional strings of his past life.",732
Come to Daddy (2019),37,2019,6,"7 February 2020 (USA)
",A man in his thirties travels to a remote cabin to reconnect with his estranged father.,136
Monos (2019),38,2019,7,"15 August 2019 (Colombia)
","On a remote mountaintop, eight kids with guns watch over a hostage and a conscripted milk cow.",89
Us (2019),39,2019,6.9,"22 March 2019 (USA)
",A family's serene beach vacation turns to chaos when their doppelgängers appear and begin to terrorize them.,3171
Knives Out (2019),40,2019,7.9,"27 November 2019 (USA)
","A detective investigates the death of a patriarch of an eccentric, combative family.",2465
Villains (2019),41,2019,6.2,"20 September 2019 (USA)
","After a pair of amateur criminals break into a suburban home, they stumble upon a dark secret that two sadistic homeowners will do anything to keep from getting out.",93
Spider-Man: Far from Home (2019),42,2019,7.5,"2 July 2019 (USA)
","Following the events of Avengers: Endgame (2019), Spider-Man must step up to take on new threats in a world that has changed forever.",2077
Avengers: Endgame (2019),43,2019,8.4,"26 April 2019 (USA)
","After the devastating events of Avengers: Infinity War (2018), the universe is in ruins. With the help of remaining allies, the Avengers assemble once more in order to reverse Thanos' actions and restore balance to the universe.",8962
High Flying Bird (2019),44,2019,6.2,"8 February 2019 (USA)
","During a pro basketball lockout, a sports agent pitches a rookie basketball client on an intriguing and controversial business proposition.",56
I Am Mother (2019),45,2019,6.7,"7 June 2019 (USA)
","In the wake of humanity's extinction, a teenage girl is raised by a robot designed to repopulate the earth. But their unique bond is threatened when an inexplicable stranger arrives with alarming news.",715
Fighting with My Family (2019),46,2019,7.1,"22 February 2019 (USA)
",A former wrestler and his family make a living performing at small venues around the country while his kids dream of joining World Wrestling Entertainment.,367
Booksmart (2019),47,2019,7.2,"24 May 2019 (USA)
","On the eve of their high school graduation, two academic superstars and best friends realize they should have worked less and played more. Determined not to fall short of their peers, the girls try to cram four years of fun into one night.",810
John Wick: Chapter 3 - Parabellum (2019),48,2019,7.4,"17 May 2019 (USA)
","John Wick is on the run after killing a member of the international assassins' guild, and with a $14 million price tag on his head, he is the target of hit men and women everywhere.",2263
Godzilla: King of the Monsters (2019),49,2019,6,"31 May 2019 (USA)
","The crypto-zoological agency Monarch faces off against a battery of god-sized monsters, including the mighty Godzilla, who collides with Mothra, Rodan, and his ultimate nemesis, the three-headed King Ghidorah.",2171
Always Be My Maybe (2019),50,2019,6.8,"31 May 2019 (USA)
","Everyone assumed Sasha and Marcus would wind up together except for Sasha and Marcus. Reconnecting after 15 years, the two start to wonder - maybe?",N/A
Avengers: Infinity War (2018),1,2018,8.4,"27 April 2018 (USA)
",The Avengers and their allies must be willing to sacrifice all in an attempt to defeat the powerful Thanos before his blitz of devastation and ruin puts an end to the universe.,4288
The Favourite (2018),2,2018,7.5,"21 December 2018 (USA)
","In early 18th century England, a frail Queen Anne occupies the throne and her close friend, Lady Sarah, governs the country in her stead. When a new servant, Abigail, arrives, her charm endears her to Sarah.",1224
Eighth Grade (2018),3,2018,7.4,"3 August 2018 (USA)
",An introverted teenage girl tries to survive the last week of her disastrous eighth grade year before leaving to start high school.,435
A Star Is Born (2018),4,2018,7.6,"5 October 2018 (USA)
",A musician helps a young singer find fame as age and alcoholism send his own career into a downward spiral.,2723
Hereditary (2018),5,2018,7.3,"8 June 2018 (USA)
",A grieving family is haunted by tragic and disturbing occurrences.,3250
A Quiet Place (2018),6,2018,7.5,"6 April 2018 (USA)
","In a post-apocalyptic world, a family is forced to live in silence while hiding from monsters with ultra-sensitive hearing.",2969
BlacKkKlansman (2018),7,2018,7.5,"10 August 2018 (USA)
","Ron Stallworth, an African American police officer from Colorado Springs, CO, successfully manages to infiltrate the local Ku Klux Klan branch with the help of a Jewish surrogate who eventually becomes its leader. Based on actual events.",888
Mission: Impossible - Fallout (2018),8,2018,7.7,"27 July 2018 (USA)
","Ethan Hunt and his IMF team, along with some familiar allies, race against time after a mission gone wrong.",1662
Spider-Man: Into the Spider-Verse (2018),9,2018,8.4,"14 December 2018 (USA)
","Teen Miles Morales becomes the Spider-Man of his universe, and must join with five spider-powered individuals from other dimensions to stop a threat for all realities.",1891
Aquaman (2018),10,2018,6.9,"21 December 2018 (USA)
","Arthur Curry, the human-born heir to the underwater kingdom of Atlantis, goes on a quest to prevent a war between the worlds of ocean and land.",4120
Bad Times at the El Royale (2018),11,2018,7.1,"12 October 2018 (USA)
","Early 1970s. Four strangers check in at the El Royale Hotel. The hotel is deserted, staffed by a single desk clerk. Some of the new guests' reasons for being there are less than innocent and some are not who they appear to be.",940
If Beale Street Could Talk (2018),12,2018,7.1,"25 December 2018 (USA)
",A young woman embraces her pregnancy while she and her family set out to prove her childhood friend and lover innocent of a crime he didn't commit.,296
Deadpool 2 (2018),13,2018,7.7,"18 May 2018 (USA)
","Foul-mouthed mutant mercenary Wade Wilson (a.k.a. Deadpool), brings together a team of fellow mutant rogues to protect a young boy with supernatural abilities from the brutal, time-traveling cyborg Cable.",1325
Beautiful Boy (2018),14,2018,7.3,"25 October 2018 (Israel)
","Based on the best-selling pair of memoirs from father and son David and Nic Sheff, Beautiful Boy chronicles the heartbreaking and inspiring experience of survival, relapse and recovery in a family coping with addiction over many years.",329
Vice (2018),15,2018,7.2,"25 December 2018 (USA)
","The story of Dick Cheney, an unassuming bureaucratic Washington insider, who quietly wielded immense power as Vice President to George W. Bush, reshaping the country and the globe in ways that we still feel today.",739
First Reformed (2017),16,2018,7.1,"18 May 2018 (USA)
","A minister of a small congregation in upstate New York grapples with mounting despair brought on by tragedy, worldly concerns and a tormented past.",348
Blindspotting (2018),17,2018,7.4,"27 July 2018 (USA)
","While on probation, a man begins to re-evaluate his relationship with his volatile best friend.",162
Annihilation (2018),18,2018,6.8,"23 February 2018 (USA)
","A biologist signs up for a dangerous, secret expedition into a mysterious zone where the laws of nature don't apply.",1975
Upgrade (2018),19,2018,7.5,"1 June 2018 (USA)
","Set in the near-future, technology controls nearly all aspects of life. But when the world of Grey, a self-labeled technophobe, is turned upside down, his only hope for revenge is an experimental computer chip implant.",1205
Incredibles 2 (2018),20,2018,7.6,"15 June 2018 (USA)
",The Incredibles family takes on a new mission which involves a change in family roles: Bob Parr (Mr. Incredible) must manage the house while his wife Helen (Elastigirl) goes out to save the world.,1080
Black Panther (2018),21,2018,7.3,"16 February 2018 (USA)
","T'Challa, heir to the hidden but advanced kingdom of Wakanda, must step forward to lead his people into a new future and must confront a challenger from his country's past.",3280
The Old Man & the Gun (2018),22,2018,6.7,"19 October 2018 (USA)
",Based on the true story of Forrest Tucker and his audacious escape from San Quentin at the age of 70 to an unprecedented string of heists that confounded authorities and enchanted the public.,272
"Don't Worry, He Won't Get Far on Foot (2018)",23,2018,6.9,"4 April 2018 (France)
","On the rocky path to sobriety after a life-changing accident, John Callahan discovers the healing power of art, willing his injured hands into drawing hilarious, often controversial cartoons, which bring him a new lease on life.",114
Sorry to Bother You (2018),24,2018,6.9,"13 July 2018 (USA)
","In an alternate present-day version of Oakland, telemarketer Cassius Green discovers a magical key to professional success, propelling him into a universe of greed.",N/A
Mid90s (2018),25,2018,7.4,"26 October 2018 (USA)
","Follows Stevie, a thirteen-year-old in 1990s-era Los Angeles who spends his summer navigating between his troubled home life and a group of new friends that he meets at a Motor Avenue skate shop.",296
Can You Ever Forgive Me? (2018),26,2018,7.1,"2 November 2018 (South Africa)
","When Lee Israel falls out of step with current tastes, she turns her art form to deception.",251
Instant Family (2018),27,2018,7.3,"16 November 2018 (USA)
",A couple find themselves in over their heads when they foster three children.,614
Ant-Man and the Wasp (2018),28,2018,7.1,"6 July 2018 (USA)
","As Scott Lang balances being both a superhero and a father, Hope van Dyne and Dr. Hank Pym present an urgent new mission that finds the Ant-Man fighting alongside The Wasp to uncover secrets from their past.",955
Widows (2018),29,2018,6.9,"16 November 2018 (USA)
",Four women with nothing in common except a debt left behind by their dead husbands' criminal activities take fate into their own hands and conspire to forge a future on their own terms.,590
The Mule (2018),30,2018,7,"14 December 2018 (USA)
",A ninety-year-old horticulturist and Korean War veteran turns drug mule for a Mexican cartel.,712
You Were Never Really Here (2017),31,2018,6.8,"6 April 2018 (USA)
","A traumatized veteran, unafraid of violence, tracks down missing girls for a living. When a job spins out of control, Joe's nightmares overtake him as a conspiracy is uncovered leading to what may be his death trip or his awakening.",721
Boy Erased (2018),32,2018,6.9,"8 November 2018 (Australia)
",The son of a Baptist preacher unwillingly participates in a church-supported gay conversion program after being forcibly outed to his parents.,193
Ben Is Back (2018),33,2018,6.7,"5 December 2018 (Spain)
",A drug addicted teenage boy shows up unexpectedly at his family's home on Christmas Eve.,130
Bird Box (2018),34,2018,6.6,"21 December 2018 (USA)
","Five years after an ominous unseen presence drives most of society to suicide, a mother and her two children make a desperate bid to reach safety.",2822
Sicario: Day of the Soldado (2018),35,2018,7.1,"29 June 2018 (USA)
","The drug war on the U.S.-Mexico border has escalated as the cartels have begun trafficking terrorists across the US border. To fight the war, federal agent Matt Graver re-teams with the mercurial Alejandro.",682
"Love, Simon (2018)",36,2018,7.6,"16 March 2018 (USA)
","Simon Spier keeps a huge secret from his family, his friends and all of his classmates: he's gay. When that secret is threatened, Simon must face everyone and come to terms with his identity.",551
Green Book (2018),37,2018,8.2,"16 November 2018 (USA)
",A working-class Italian-American bouncer becomes the driver of an African-American classical pianist on a tour of venues through the 1960s American South.,1527
Creed II (2018),38,2018,7.1,"21 November 2018 (USA)
","Under the tutelage of Rocky Balboa, newly crowned heavyweight champion Adonis Creed faces off against Viktor Drago, the son of Ivan Drago.",779
White Boy Rick (2018),39,2018,6.5,"14 September 2018 (USA)
","The story of teenager Richard Wershe Jr., who became an undercover informant for the FBI during the 1980s and was ultimately arrested for drug-trafficking and sentenced to life in prison.",204
Hostiles (2017),40,2018,7.2,"26 January 2018 (USA)
","In 1892, a legendary Army Captain reluctantly agrees to escort a Cheyenne chief and his family through dangerous territory.",458
Bohemian Rhapsody (2018),41,2018,8,"2 November 2018 (USA)
","The story of the legendary British rock band Queen and lead singer Freddie Mercury, leading up to their famous performance at Live Aid (1985).",3392
Ready Player One (2018),42,2018,7.5,"29 March 2018 (USA)
","When the creator of a virtual reality called the OASIS dies, he makes a posthumous challenge to all OASIS users to find his Easter Egg, which will give the finder his fortune and control of his world.",2054
Game Night (2018),43,2018,6.9,"23 February 2018 (USA)
",A group of friends who meet regularly for game nights find themselves entangled in a real-life mystery when the shady brother of one of them is seemingly kidnapped by dangerous gangsters.,607
Mandy (2018),44,2018,6.5,"14 September 2018 (USA)
","The enchanted lives of a couple in a secluded forest are brutally shattered by a nightmarish hippie cult and their demon-biker henchmen, propelling a man into a spiraling, surreal rampage of vengeance.",929
Solo: A Star Wars Story (2018),45,2018,6.9,"25 May 2018 (USA)
","During an adventure into the criminal underworld, Han Solo meets his future co-pilot Chewbacca and encounters Lando Calrissian years before joining the Rebellion.",2510
The Meg (2018),46,2018,5.6,"10 August 2018 (USA)
",A group of scientists exploring the Marianas Trench encounter the largest marine predator that has ever existed - the Megalodon.,1541
Tag (2018),47,2018,6.5,"15 June 2018 (USA)
","A small group of former classmates organize an elaborate, annual game of tag that requires some to travel all over the country.",485
Blockers (2018),48,2018,6.2,"6 April 2018 (USA)
",Three parents try to stop their daughters from losing their virginity on prom night.,365
Mile 22 (2018),49,2018,6.1,"17 August 2018 (USA)
","A small team of elite American intelligence officers, part of a top-secret tactical command unit, try to smuggle a mysterious police officer with sensitive information out of Indonesia.",863
"Three Billboards Outside Ebbing, Missouri (2017)",1,2017,8.2,"1 December 2017 (USA)
",A mother personally challenges the local authorities to solve her daughter's murder when they fail to catch the culprit.,1218
Get Out (2017),2,2017,7.7,"24 February 2017 (USA)
","A young African-American visits his white girlfriend's parents for the weekend, where his simmering uneasiness about their reception of him eventually reaches a boiling point.",1646
The Florida Project (2017),3,2017,7.6,"10 November 2017 (UK)
","Set over one summer, the film follows precocious six-year-old Moonee as she courts mischief and adventure with her ragtag playmates and bonds with her rebellious but caring mother, all while living in the shadows of Walt Disney World.",486
John Wick: Chapter 2 (2017),4,2017,7.5,"10 February 2017 (USA)
","After returning to the criminal underworld to repay a debt, John Wick discovers that a large bounty has been put on his life.",884
Lady Bird (2017),5,2017,7.4,"1 December 2017 (USA)
","In 2002, an artistically inclined seventeen-year-old girl comes of age in Sacramento, California.",798
The Shape of Water (2017),6,2017,7.3,"22 December 2017 (USA)
","At a top secret research facility in the 1960s, a lonely janitor forms a unique relationship with an amphibious creature that is being held in captivity.",1630
Mother! (2017),7,2017,6.6,"15 September 2017 (USA)
","A couple's relationship is tested when uninvited guests arrive at their home, disrupting their tranquil existence.",2158
Good Time (2017),8,2017,7.4,"25 August 2017 (USA)
","After a botched bank robbery lands his younger brother in prison, Connie Nikas embarks on a twisted odyssey through New York City's underworld to get his brother Nick out of jail.",306
Split (2016),9,2017,7.3,"20 January 2017 (USA)
",Three girls are kidnapped by a man with a diagnosed 23 distinct personalities. They must try to escape before the apparent emergence of a frightful new 24th.,1011
Logan (2017),10,2017,8.1,"3 March 2017 (USA)
","In a future where mutants are nearly extinct, an elderly and weary Logan leads a quiet life. But when Laura, a mutant child pursued by scientists, comes to him for help, he must get her to safety.",1601
Call Me by Your Name (2017),11,2017,7.9,"19 January 2018 (USA)
","In 1980s Italy, romance blossoms between a seventeen-year-old student and the older man hired as his father's research assistant.",995
Brawl in Cell Block 99 (2017),12,2017,7.1,"6 October 2017 (USA)
",A former boxer-turned-drug runner lands in a prison battleground after a deal gets deadly.,522
Star Wars: Episode VIII - The Last Jedi (2017),13,2017,7,"15 December 2017 (USA)
","Rey develops her newly discovered abilities with the guidance of Luke Skywalker, who is unsettled by the strength of her powers. Meanwhile, the Resistance prepares for battle with the First Order.",6779
The Disaster Artist (2017),14,2017,7.4,"8 December 2017 (USA)
","When Greg Sestero, an aspiring film actor, meets the weird and mysterious Tommy Wiseau in an acting class, they form a unique friendship and travel to Hollywood to make their dreams come true.",407
Blade Runner 2049 (2017),15,2017,8,"6 October 2017 (USA)
","Young Blade Runner K's discovery of a long-buried secret leads him to track down former Blade Runner Rick Deckard, who's been missing for thirty years.",2440
War for the Planet of the Apes (2017),16,2017,7.4,"14 July 2017 (USA)
","After the apes suffer unimaginable losses, Caesar wrestles with his darker instincts and begins his own mythic quest to avenge his kind.",893
Thor: Ragnarok (2017),17,2017,7.9,"3 November 2017 (USA)
","Imprisoned on the planet Sakaar, Thor must race against time to return to Asgard and stop Ragnarök, the destruction of his world, at the hands of the powerful and ruthless villain Hela.",1622
Baby Driver (2017),18,2017,7.6,"28 June 2017 (USA)
","After being coerced into working for a crime boss, a young getaway driver finds himself taking part in a heist doomed to fail.",1132
Logan Lucky (2017),19,2017,7,"18 August 2017 (USA)
",Two brothers attempt to pull off a heist during a NASCAR race in North Carolina.,331
Detroit (2017),20,2017,7.3,"4 August 2017 (USA)
",Fact-based drama set during the 1967 Detroit riots in which a group of rogue police officers respond to a complaint with retribution rather than justice on their minds.,214
Ingrid Goes West (2017),21,2017,6.6,"25 August 2017 (USA)
",An unhinged social media stalker moves to LA and insinuates herself into the life of an Instagram star.,158
American Made (2017),22,2017,7.2,"29 September 2017 (USA)
","The story of Barry Seal, an American pilot who became a drug-runner for the CIA in the 1980s in a clandestine operation that would be exposed as the Iran-Contra Affair.",335
Dunkirk (2017),23,2017,7.9,"21 July 2017 (USA)
","Allied soldiers from Belgium, the British Empire, and France are surrounded by the German Army and evacuated during a fierce battle in World War II.",2426
"I, Tonya (2017)",24,2017,7.5,"19 January 2018 (USA)
","Competitive ice skater Tonya Harding rises amongst the ranks at the U.S. Figure Skating Championships, but her future in the activity is thrown into doubt when her ex-husband intervenes.",492
Wind River (2017),25,2017,7.7,"18 August 2017 (USA)
",A veteran hunter helps an FBI agent investigate the murder of a young woman on a Wyoming Native American reservation.,636
Spider-Man: Homecoming (2017),26,2017,7.4,"7 July 2017 (USA)
","Peter Parker balances his life as an ordinary high school student in Queens with his superhero alter-ego Spider-Man, and finds himself on the trail of a new menace prowling the skies of New York City.",1385
The Big Sick (2017),27,2017,7.5,"14 July 2017 (USA)
","Pakistan-born comedian Kumail Nanjiani and grad student Emily Gardner fall in love but struggle as their cultures clash. When Emily contracts a mysterious illness, Kumail finds himself forced to face her feisty parents, his family's expectations, and his true feelings.",367
Jumanji: Welcome to the Jungle (2017),28,2017,6.9,"20 December 2017 (USA)
","Four teenagers are sucked into a magical video game, and the only way they can escape is to work together to finish the game.",898
Colossal (2016),29,2017,6.2,"21 April 2017 (Canada)
","Gloria is an out-of-work party girl forced to leave her life in New York City and move back home. When reports surface that a giant creature is destroying Seoul, she gradually comes to the realization that she is somehow connected to this phenomenon.",334
Wonder (2017),30,2017,8,"17 November 2017 (USA)
","Based on the New York Times bestseller, this movie tells the incredibly inspiring and heartwarming story of August Pullman, a boy with facial differences who enters the fifth grade, attending a mainstream elementary school for the first time.",494
The Killing of a Sacred Deer (2017),31,2017,7,"3 November 2017 (USA)
","Steven, a charismatic surgeon, is forced to make an unthinkable sacrifice after his life starts to fall apart, when the behavior of a teenage boy he has taken under his wing turns sinister.",869
The Meyerowitz Stories (2017),32,2017,6.9,"13 October 2017 (USA)
",An estranged family gathers together in New York City for an event celebrating the artistic work of their father.,139
Battle of the Sexes (2017),33,2017,6.7,"29 September 2017 (USA)
",The true story of the 1973 tennis match between World number one Billie Jean King and ex-champ and serial hustler Bobby Riggs.,182
War Machine (2017),34,2017,6,"26 May 2017 (USA)
","An idiosyncratic general confronts opposition from enemies, allies, and bureaucrats while leading a massive rebuilding operation in Afghanistan.",193
The Beguiled (2017),35,2017,6.3,"30 June 2017 (USA)
",The unexpected arrival of a wounded Union soldier at a girls school in Virginia during the American Civil War leads to jealousy and betrayal.,278
It (2017),36,2017,7.3,"8 September 2017 (USA)
","In the summer of 1989, a group of bullied kids band together to destroy a shape-shifting monster, which disguises itself as a clown and preys on the children of Derry, their small Maine town.",1968
Brad's Status (2017),37,2017,6.5,"15 September 2017 (USA)
",A father takes his son to tour colleges on the East Coast and meets up with an old friend who makes him feel inferior about his life's choices.,142
Stronger (2017),38,2017,6.9,"29 September 2017 (USA)
","Stronger is the inspiring real life story of Jeff Bauman, an ordinary man who captured the hearts of his city and the world to become a symbol of hope after surviving the 2013 Boston Marathon bombing.",115
Patti Cake$ (2017),39,2017,6.8,"18 August 2017 (USA)
","PATTI CAKE$ is centered on aspiring rapper Patricia Dombrowski, a.k.a. Killa P, a.k.a. Patti Cake$, who is fighting an unlikely quest for glory in her downtrodden hometown in New Jersey.",62
Guardians of the Galaxy Vol. 2 (2017),40,2017,7.6,"5 May 2017 (USA)
","The Guardians struggle to keep together as a team while dealing with their personal family issues, notably Star-Lord's encounter with his father the ambitious celestial being Ego.",1066
The Lego Batman Movie (2017),41,2017,7.3,"10 February 2017 (USA)
","A cooler-than-ever Bruce Wayne must deal with the usual suspects as they plan to rule Gotham City, while discovering that he has accidentally adopted a teenage orphan who wishes to become his sidekick.",333
Atomic Blonde (2017),42,2017,6.7,"28 July 2017 (USA)
",An undercover MI6 agent is sent to Berlin during the Cold War to investigate the murder of a fellow agent and recover a missing list of double agents.,762
Wakefield (2016),43,2017,6.3,"19 May 2017 (USA)
","Bryan Cranston gives the performance of a lifetime as Howard Wakefield, a lawyer on the edge of madness who has decided to disassociate himself from his own life.",117
Beauty and the Beast (2017),44,2017,7.1,"17 March 2017 (USA)
","A selfish Prince is cursed to become a monster for the rest of his life, unless he learns to fall in love with a beautiful young woman he keeps prisoner.",1151
Brigsby Bear (2017),45,2017,7.3,"21 September 2017 (Australia)
","After being freed from his life in an underground bunker, a man sets out to make a movie of the only TV show he has ever known.",88
Kong: Skull Island (2017),46,2017,6.6,"10 March 2017 (USA)
","After the Vietnam war, a team of scientists explores an uncharted island in the Pacific, venturing into the domain of the mighty Kong, and must fight to escape a primal Eden.",956
Alien: Covenant (2017),47,2017,6.4,"19 May 2017 (USA)
","The crew of a colony ship, bound for a remote planet, discover an uncharted paradise with a threat beyond their imagination, and must attempt a harrowing escape.",2110
Goodbye Christopher Robin (2017),48,2017,7.1,"29 September 2017 (UK)
","The relationship between writer AA Milne and his son, Christopher Robin, and how this became the inspiration for Winnie the Pooh.",105
Victoria & Abdul (2017),49,2017,6.8,"6 October 2017 (USA)
",Queen Victoria strikes up an unlikely friendship with a young Indian clerk named Abdul Karim.,164
Suburbicon (2017),50,2017,5.7,"27 October 2017 (USA)
","As a 1950s suburban community self-destructs, a home invasion has sinister consequences for one seemingly normal family.",350
Captain Fantastic (2016),1,2016,7.9,"29 July 2016 (USA)
","In the forests of the Pacific Northwest, a father devoted to raising his six kids with a rigorous physical and intellectual education is forced to leave his paradise and enter the world, challenging his idea of what it means to be a parent.",472
La La Land (2016),2,2016,8,"25 December 2016 (USA)
","While navigating their careers in Los Angeles, a pianist and an actress fall in love while attempting to reconcile their aspirations for the future.",1836
Hacksaw Ridge (2016),3,2016,8.1,"4 November 2016 (USA)
","World War II American Army Medic Desmond T. Doss, who served during the Battle of Okinawa, refuses to kill people, and becomes the first man in American history to receive the Medal of Honor without firing a shot.",934
Lion (2016),4,2016,8,"6 January 2017 (USA)
","A five-year-old Indian boy is adopted by an Australian couple after getting lost hundreds of kilometers from home. 25 years later, he sets out to find his lost family.",566
Hell or High Water (2016),5,2016,7.6,"26 August 2016 (USA)
",A divorced father and his ex-con older brother resort to a desperate scheme in order to save their family's ranch in West Texas.,452
The Witch (2015),6,2016,6.9,"19 February 2016 (USA)
","A family in 1630s New England is torn apart by the forces of witchcraft, black magic, and possession.",1055
The Jungle Book (2016),7,2016,7.4,"15 April 2016 (USA)
","After a threat from the tiger Shere Khan forces him to flee the jungle, a man-cub named Mowgli embarks on a journey of self discovery with the help of panther Bagheera and free-spirited bear Baloo.",600
Deadpool (2016),8,2016,8,"12 February 2016 (USA)
","A wisecracking mercenary gets experimented on and becomes immortal but ugly, and sets out to track down the man who ruined his looks.",1473
Moonlight (2016),9,2016,7.4,"18 November 2016 (USA)
","A young African-American man grapples with his identity and sexuality while experiencing the everyday struggles of childhood, adolescence, and burgeoning adulthood.",936
Other People (2016),10,2016,6.8,"9 September 2016 (USA)
","A struggling comedy writer, fresh off a breakup and in the midst of the worst year of his life, returns to Sacramento to care for his dying mother.",32
Zootopia (2016),11,2016,8,"4 March 2016 (USA)
","In a city of anthropomorphic animals, a rookie bunny cop and a cynical con artist fox must work together to uncover a conspiracy.",732
Nocturnal Animals (2016),12,2016,7.5,"9 December 2016 (USA)
","A wealthy art gallery owner is haunted by her ex-husband's novel, a violent thriller she interprets as a symbolic revenge tale.",684
Train to Busan (2016),13,2016,7.6,"20 July 2016 (South Korea)
","While a zombie virus breaks out in South Korea, passengers struggle to survive on the train from Seoul to Busan.",756
Don't Breathe (2016),14,2016,7.1,"26 August 2016 (USA)
","Hoping to walk away with a massive fortune, a trio of thieves break into the house of a blind man who isn't as helpless as he seems.",669
Sing Street (2016),15,2016,7.9,"17 March 2016 (Ireland)
",A boy growing up in Dublin during the 1980s escapes his strained family life by starting a band to impress the mysterious girl he likes.,205
Doctor Strange (2016),16,2016,7.5,"4 November 2016 (USA)
","While on a journey of physical and spiritual healing, a brilliant neurosurgeon is drawn into the world of the mystic arts.",975
The Conjuring 2 (2016),17,2016,7.3,"10 June 2016 (USA)
",Ed and Lorraine Warren travel to North London to help a single mother raising four children alone in a house plagued by a supernatural spirit.,569
The Distinguished Citizen (2016),18,2016,7.5,"1 September 2017 (USA)
","A recipient of the Nobel Prize for Literature, who has been living in Europe for decades, accepts an invitation to receive a prize. In Argentina he finds both similarities and irreconcilable differences with the people of his hometown.",29
Your Name. (2016),19,2016,8.4,"7 April 2017 (USA)
","Two strangers find themselves linked in a bizarre way. When a connection forms, will distance be the only thing to keep them apart?",709
Maudie (2016),20,2016,7.6,"4 August 2017 (Ireland)
",An arthritic Nova Scotia woman works as a housekeeper while she hones her skills as an artist and eventually becomes a beloved figure in the community.,107
Miss Peregrine's Home for Peculiar Children (2016),21,2016,6.7,"30 September 2016 (USA)
","When Jacob (Asa Butterfield) discovers clues to a mystery that stretches across time, he finds Miss Peregrine's Home for Peculiar Children. But the danger deepens after he gets to know the residents and learns about their special powers.",438
Eddie the Eagle (2015),22,2016,7.4,"26 February 2016 (USA)
","The story of Eddie Edwards, the notoriously tenacious British underdog ski jumper who charmed the world at the 1988 Winter Olympics.",196
Elle (2016),23,2016,7.1,"11 November 2016 (USA)
",A successful businesswoman gets caught up in a game of cat and mouse as she tracks down the unknown man who raped her.,187
Julieta (2016),24,2016,7.1,"21 December 2016 (USA)
","After a casual encounter, a brokenhearted woman decides to confront her life and the most important events about her stranded daughter.",61
Manchester by the Sea (2016),25,2016,7.8,"16 December 2016 (USA)
",A depressed uncle is asked to take care of his teenage nephew after the boy's father dies.,823
Dangal (2016),26,2016,8.4,"21 December 2016 (USA)
",Former wrestler Mahavir Singh Phogat and his two wrestler daughters struggle towards glory at the Commonwealth Games in the face of societal oppression.,403
10 Cloverfield Lane (2016),27,2016,7.2,"11 March 2016 (USA)
","After getting in a car accident, a woman is held in a shelter by a man who claims that the outside world is affected by a widespread chemical attack.",771
Hidden Figures (2016),28,2016,7.8,"6 January 2017 (USA)
",The story of a team of female African-American mathematicians who served a vital role in NASA during the early years of the U.S. space program.,523
Florence Foster Jenkins (2016),29,2016,6.8,"12 August 2016 (USA)
","The story of Florence Foster Jenkins, a New York heiress who dreamed of becoming an opera singer, despite having a terrible singing voice.",194
The Invisible Guest (2016),30,2016,8.1,"6 January 2017 (Spain)
",A successful entrepreneur accused of murder and a witness preparation expert have less than three hours to come up with an impregnable defense.,421
I'm Gilda (2016),31,2016,6.9,"15 September 2016 (Argentina)
",The life and death of the tropical singer Gilda.,4
Deepwater Horizon (2016),32,2016,7.1,"30 September 2016 (USA)
","A dramatization of the disaster in April 2010, when the offshore drilling rig called the Deepwater Horizon exploded, resulting in the worst oil spill in American history.",289
The Edge of Seventeen (2016),33,2016,7.3,"18 November 2016 (USA)
","High-school life gets even more unbearable for Nadine when her best friend, Krista, starts dating her older brother.",277
The Magnificent Seven (2016),34,2016,6.9,"23 September 2016 (USA)
",Seven gunmen from a variety of backgrounds are brought together by a vengeful young widow to protect her town from the private army of a destructive industrialist.,514
The Shallows (2016),35,2016,6.3,"24 June 2016 (USA)
","A mere 200 yards from shore, surfer Nancy is attacked by a great white shark, with her short journey to safety becoming the ultimate contest of wills.",533
X-Men: Apocalypse (2016),36,2016,6.9,"27 May 2016 (USA)
","In the 1980s the X-Men must defeat an ancient all-powerful mutant, En Sabah Nur, who intends to thrive through bringing destruction to the world.",841
Hush (2016),37,2016,6.6,"8 April 2016 (USA)
",A deaf and mute writer who retreated into the woods to live a solitary life must fight for her life in silence when a masked killer appears at her window.,448
Captain America: Civil War (2016),38,2016,7.8,"6 May 2016 (USA)
",Political involvement in the Avengers' affairs causes a rift between Captain America and Iron Man.,1437
¿Qué culpa tiene el niño? (2016),39,2016,6.6,"13 May 2016 (Mexico)
","Maru, after becoming pregnant from a drunken one night stand with a immature young unemployed bachelor, is determined to follow tradition and marry him anyways.",7
War Dogs (2016),40,2016,7.1,"19 August 2016 (USA)
","Loosely based on the true story of two young men, David Packouz and Efraim Diveroli, who won a three hundred million dollar contract from the Pentagon to arm America's allies in Afghanistan.",227
A Monster Calls (2016),41,2016,7.5,"6 January 2017 (USA)
",A boy seeks the help of a tree monster to cope with his single mother's terminal illness.,251
"I, Daniel Blake (2016)",42,2016,7.9,"9 June 2017 (USA)
","After having suffered a heart-attack, a 59-year-old carpenter must fight the bureaucratic forces of the system in order to receive Employment and Support Allowance.",182
Lights Out (2016),43,2016,6.3,"22 July 2016 (USA)
","Rebecca must unlock the terror behind her little brother's experiences that once tested her sanity, bringing her face to face with a supernatural spirit attached to their mother.",385
The Innocents (2016),44,2016,7.3,"10 February 2016 (France)
","1945. Mathilde is a French Red Cross doctor working on a mission to help the French survivors of the German camps. While she works in Poland, she is asked for help by a nun. In her convent, several nuns are pregnant.",40
Rogue One: A Star Wars Story (2016),45,2016,7.8,"16 December 2016 (USA)
",The daughter of an Imperial scientist joins the Rebel Alliance in a risky move to steal the plans for the Death Star.,1805
13 Hours (2016),46,2016,7.3,"15 January 2016 (USA)
","During an attack on a U.S. compound in Libya, a security team struggles to make sense out of the chaos.",374
Fantastic Beasts and Where to Find Them (2016),47,2016,7.3,"18 November 2016 (USA)
",The adventures of writer Newt Scamander in New York's secret community of witches and wizards seventy years before Harry Potter reads his book in school.,834
The Autopsy of Jane Doe (2016),48,2016,6.8,"21 December 2016 (USA)
","A father and son, both coroners, are pulled into a complex mystery while attempting to identify the body of a young woman, who was apparently harboring dark secrets.",485
American Honey (2016),49,2016,7,"14 October 2016 (UK)
","A teenage girl with nothing to lose joins a traveling magazine sales crew, and gets caught up in a whirlwind of hard partying, law bending and young love as she criss-crosses the Midwest with a band of misfits.",206
The Founder (2016),50,2016,7.2,"20 January 2017 (USA)
","The story of Ray Kroc, a salesman who turned two brothers' innovative fast food eatery, McDonald's, into the biggest restaurant business in the world, with a combination of ambition, persistence, and ruthlessness.",305
